class,name,nickname,category,subcategory,project,project_dir,source,guid,kind,exposure,obsolete,current_icon,icon_holder,object,op,plural,container,glyph_origin,badge_origin,rule,note,icon_id,resource,icon_file,status
SAMOCCTAutoTune3DDiscover,SAMOCCT.AutoTune3D (Discover),SAMOCCT.AutoTune3D Discover,SAM,OCCT,SAM.Analytical.Grasshopper.OCCT,Grasshopper/SAM.Analytical.Grasshopper.OCCT,Grasshopper/SAM.Analytical.Grasshopper.OCCT/Component/SAMOCCTAutoTune3DDiscover.cs,dce4ce6d-581a-4225-b792-3ad04f239460,component,,False,SAM_OCCT24,SAMOCCTIcon,algorithm,get,False,,SAM-BIM ext v1,SAM,override,discovers optimal solver parameters,algorithm_get,SAM_GH_AlgorithmGet,svg/algorithm_get.svg,integrated
SAMOCCTAutoTune3DLegacy,SAMOCCT.AutoTune3D,SAMOCCT.AutoTune3D,SAM,OCCT,SAM.Analytical.Grasshopper.OCCT,Grasshopper/SAM.Analytical.Grasshopper.OCCT,Grasshopper/SAM.Analytical.Grasshopper.OCCT/Component/SAMOCCTAutoTune3DLegacy.cs,9de8b4c0-14f6-4828-b966-aa57cf58143b,component,,False,SAM_OCCT24,SAMOCCTIcon,algorithm,run,False,,SAM-BIM ext v1,SAM-BIM ext v1,override,diagnosis-driven auto-tune,algorithm_run,SAM_GH_AlgorithmRun,svg/algorithm_run.svg,integrated
GooResolvedCellComplexParam,CellComplex,CellComplex,Params,SAM,SAM.Analytical.Grasshopper.OCCT,Grasshopper/SAM.Analytical.Grasshopper.OCCT,Grasshopper/SAM.Analytical.Grasshopper.OCCT/Classes/GooResolvedCellComplex.cs,6b3f9e21-4d7c-4a1b-9e5f-2c8a6d1b3f74,param,,False,SAM_OCCT24,SAMOCCTIcon,cellComplex,,False,,SAM-BIM ext v1,,param:ResolvedCellComplex,,cellComplex,SAM_GH_CellComplex,svg/cellComplex.svg,integrated
SAMOCCTCreateAdjacencyCluster,SAMOCCT.CreateAdjacencyCluster,SAMOCCT.CreateAdjacencyCluster,SAM,OCCT,SAM.Analytical.Grasshopper.OCCT,Grasshopper/SAM.Analytical.Grasshopper.OCCT,Grasshopper/SAM.Analytical.Grasshopper.OCCT/Component/SAMOCCTCreateAdjacencyCluster.cs,c104f272-9b10-454f-9825-16e2d41adfa6,component,,False,SAM_OCCT24,SAMOCCTIcon,cluster,create,False,,SAM,SAM,rule,,cluster_create,SAM_GH_ClusterCreate,svg/cluster_create.svg,integrated
SAMOCCTCreateAdjacencyClusterByShells,SAMOCCT.CreateAdjacencyClusterByShells,SAMOCCT.CreateAdjacencyClusterByShells,SAM,OCCT,SAM.Analytical.Grasshopper.OCCT,Grasshopper/SAM.Analytical.Grasshopper.OCCT,Grasshopper/SAM.Analytical.Grasshopper.OCCT/Component/SAMOCCTCreateAdjacencyClusterByShells.cs,d6950fec-cea4-4b48-9099-8943a7765e81,component,,False,SAM_OCCT24,SAMOCCTIcon,cluster,create,False,,SAM,SAM,rule,,cluster_create,SAM_GH_ClusterCreate,svg/cluster_create.svg,integrated
SAMOCCTCreateTower,SAMOCCT.CreateTower,SAMOCCT.CreateTower,SAM,OCCT,SAM.Analytical.Grasshopper.OCCT,Grasshopper/SAM.Analytical.Grasshopper.OCCT,Grasshopper/SAM.Analytical.Grasshopper.OCCT/Component/SAMOCCTCreateTower.cs,2e41f077-e07f-41a5-83bc-d1a28d58a25b,component,,False,SAM_OCCT24,SAMOCCTIcon,cluster,create,False,,SAM,SAM,override,,cluster_create,SAM_GH_ClusterCreate,svg/cluster_create.svg,integrated
SAMOCCTMergeCoplanarAdjacencyCluster,SAMOCCT.MergeCoplanarAdjacencyCluster,SAMOCCT.MergeCoplanarAdjacencyCluster,SAM,OCCT,SAM.Analytical.Grasshopper.OCCT,Grasshopper/SAM.Analytical.Grasshopper.OCCT,Grasshopper/SAM.Analytical.Grasshopper.OCCT/Component/SAMOCCTMergeCoplanarAdjacencyCluster.cs,d5b9f7e2-3e6c-4a1b-9d28-6c4a0e1f8b37,component,,False,SAM_OCCT24,SAMOCCTIcon,cluster,merge,False,,SAM,SAM,rule,,cluster_merge,SAM_GH_ClusterMerge,svg/cluster_merge.svg,integrated
SAMOCCTSolve3D,SAMOCCT.Solve3D,SAMOCCT.Solve3D,SAM,OCCT,SAM.Analytical.Grasshopper.OCCT,Grasshopper/SAM.Analytical.Grasshopper.OCCT,Grasshopper/SAM.Analytical.Grasshopper.OCCT/Component/SAMOCCTSolve3D.cs,3d6b9e02-4a17-4c8d-b5e3-1f9a2c7d4e8b,component,,False,SAM_OCCT24,SAMOCCTIcon,cluster,run,False,,SAM,SAM-BIM ext v1,override,full 3D panel solver,cluster_run,SAM_GH_ClusterRun,svg/cluster_run.svg,integrated
SAMOCCTPanelsFromShells,SAMOCCT.PanelsFromShells,SAMOCCT.PanelsFromShells,SAM,OCCT,SAM.Analytical.Grasshopper.OCCT,Grasshopper/SAM.Analytical.Grasshopper.OCCT,Grasshopper/SAM.Analytical.Grasshopper.OCCT/Component/SAMOCCTPanelsFromShells.cs,1b63ad05-61c6-4d7b-b4eb-525c9abceac2,component,,False,SAM_OCCT24,SAMOCCTIcon,panel,create,True,,SAM,SAM,override,,panel_plural_create,SAM_GH_PanelPluralCreate,svg/panel_plural_create.svg,integrated
SAMOCCTExtend3D,SAMOCCT.Extend3D,SAMOCCT.Extend3D,SAM,OCCT,SAM.Analytical.Grasshopper.OCCT,Grasshopper/SAM.Analytical.Grasshopper.OCCT,Grasshopper/SAM.Analytical.Grasshopper.OCCT/Component/SAMOCCTExtend3D.cs,a7e4c92f-1b53-4d8a-9f26-3c70e1b8d4a5,component,,False,SAM_OCCT24,SAMOCCTIcon,panel,extend,True,,SAM,SAM,override,,panel_plural_extend,SAM_GH_PanelPluralExtend,svg/panel_plural_extend.svg,integrated
SAMOCCTMergeCoplanarPanels,SAMOCCT.MergeCoplanarPanels,SAMOCCT.MergeCoplanarPanels,SAM,OCCT,SAM.Analytical.Grasshopper.OCCT,Grasshopper/SAM.Analytical.Grasshopper.OCCT,Grasshopper/SAM.Analytical.Grasshopper.OCCT/Component/SAMOCCTMergeCoplanarPanels.cs,c3a8e6f1-2d4b-4e9a-8c17-5b3f9d0e7a26,component,,False,SAM_OCCT24,SAMOCCTIcon,panel,merge,True,,SAM,SAM,rule,,panel_plural_merge,SAM_GH_PanelPluralMerge,svg/panel_plural_merge.svg,integrated
SAMOCCTClean3D,SAMOCCT.Clean3D,SAMOCCT.Clean3D,SAM,OCCT,SAM.Analytical.Grasshopper.OCCT,Grasshopper/SAM.Analytical.Grasshopper.OCCT,Grasshopper/SAM.Analytical.Grasshopper.OCCT/Component/SAMOCCTClean3D.cs,8f2c1a47-6b39-4d2e-9a51-7c0e4b8d3f12,component,,False,SAM_OCCT24,SAMOCCTIcon,panel,modify,True,,SAM,SAM,override,,panel_plural_modify,SAM_GH_PanelPluralModify,svg/panel_plural_modify.svg,integrated
SAMOCCTMergeSmallSpaces,SAMOCCT.MergeSmallSpaces,SAMOCCT.MergeSmallSpaces,SAM,OCCT,SAM.Analytical.Grasshopper.OCCT,Grasshopper/SAM.Analytical.Grasshopper.OCCT,Grasshopper/SAM.Analytical.Grasshopper.OCCT/Component/SAMOCCTMergeSmallSpaces.cs,9f0e1d2c-3b4a-4c5d-8e6f-7a8b9c0d1e2f,component,,False,SAM_OCCT24,SAMOCCTIcon,space,merge,True,,SAM,SAM,rule,,space_plural_merge,SAM_GH_SpacePluralMerge,svg/space_plural_merge.svg,integrated
SAMOCCTValidateSpaces,SAMOCCT.ValidateSpaces,SAMOCCT.ValidateSpaces,SAM,OCCT,SAM.Analytical.Grasshopper.OCCT,Grasshopper/SAM.Analytical.Grasshopper.OCCT,Grasshopper/SAM.Analytical.Grasshopper.OCCT/Component/SAMOCCTValidateSpaces.cs,f6c9e869-7c84-4574-ae0c-d5f59276bbb3,component,,False,SAM_OCCT24,SAMOCCTIcon,space,validate,True,,SAM,SAM,rule,,space_plural_validate,SAM_GH_SpacePluralValidate,svg/space_plural_validate.svg,integrated
SAMOCCTMergeCoplanarFace3Ds,SAMOCCT.MergeCoplanarFace3Ds,SAMOCCT.MergeCoplanarFace3Ds,SAM,OCCT,SAM.Geometry.Grasshopper.OCCT,Grasshopper/SAM.Geometry.Grasshopper.OCCT,Grasshopper/SAM.Geometry.Grasshopper.OCCT/Component/SAMOCCTMergeCoplanarFace3Ds.cs,a4e1c7d2-3f8b-4c6a-9d21-7b5e2f0a9c34,component,,False,SAM_OCCT24,SAMOCCTIcon,face,merge,True,,SAM,SAM,rule,,face_plural_merge,SAM_GH_FacePluralMerge,svg/face_plural_merge.svg,integrated
SAMOCCTShellsImprint,SAMOCCT.ShellsImprint,SAMOCCT.ShellsImprint,SAM,OCCT,SAM.Geometry.Grasshopper.OCCT,Grasshopper/SAM.Geometry.Grasshopper.OCCT,Grasshopper/SAM.Geometry.Grasshopper.OCCT/Component/SAMOCCTShellsImprint.cs,502840f3-1014-48bf-b450-a6bf030be18a,component,,False,SAM_OCCT24,SAMOCCTIcon,face,split,False,,SAM,SAM,override,imprint shared boundaries,face_split,SAM_GH_FaceSplit,svg/face_split.svg,integrated
SAMOCCTTriangulateSurface,SAMOCCT.TriangulateSurface,SAMOCCT.TriangulateSurface,SAM,OCCT,SAM.Geometry.Grasshopper.OCCT,Grasshopper/SAM.Geometry.Grasshopper.OCCT,Grasshopper/SAM.Geometry.Grasshopper.OCCT/Component/SAMOCCTTriangulateSurface.cs,8d2f6c1a-4b7e-49a2-9c3f-1e6b5a0d7f42,component,,False,SAM_OCCT24,SAMOCCTIcon,face,triangulate,False,,SAM,SAM,override,,face_triangulate,SAM_GH_FaceTriangulate,svg/face_triangulate.svg,integrated
SAMOCCTValidate,SAMOCCT.Validate,SAMOCCT.Validate,SAM,OCCT,SAM.Geometry.Grasshopper.OCCT,Grasshopper/SAM.Geometry.Grasshopper.OCCT,Grasshopper/SAM.Geometry.Grasshopper.OCCT/Component/SAMOCCTValidate.cs,2c7e9d14-8a35-4f6b-9c0e-71d5b8e3a4f2,component,,False,SAM_OCCT24,SAMOCCTIcon,face,validate,False,,SAM,SAM,override,,face_validate,SAM_GH_FaceValidate,svg/face_validate.svg,integrated
SAMOCCTShellsSectionByPlane,SAMOCCT.ShellsSectionByPlane,SAMOCCT.ShellsSectionByPlane,SAM,OCCT,SAM.Geometry.Grasshopper.OCCT,Grasshopper/SAM.Geometry.Grasshopper.OCCT,Grasshopper/SAM.Geometry.Grasshopper.OCCT/Component/SAMOCCTShellsSectionByPlane.cs,67f00e15-259c-4080-8b34-efb4cd59cb8c,component,,False,SAM_OCCT24,SAMOCCTIcon,sectionBox,section,False,,SAM,SAM,override,,sectionBox_section,SAM_GH_SectionBoxSection,svg/sectionBox_section.svg,integrated
SAMOCCTShellsDistance,SAMOCCT.ShellsDistance,SAMOCCT.ShellsDistance,SAM,OCCT,SAM.Geometry.Grasshopper.OCCT,Grasshopper/SAM.Geometry.Grasshopper.OCCT,Grasshopper/SAM.Geometry.Grasshopper.OCCT/Component/SAMOCCTShellsDistance.cs,c9e09c3d-2b4f-4aaf-b1ed-4a3ebb59cf17,component,,False,SAM_OCCT24,SAMOCCTIcon,shell,calculate,False,,SAM,SAM,override,,shell_calculate,SAM_GH_ShellCalculate,svg/shell_calculate.svg,integrated
SAMOCCTCreateShells,SAMOCCT.CreateShells,SAMOCCT.CreateShells,SAM,OCCT,SAM.Geometry.Grasshopper.OCCT,Grasshopper/SAM.Geometry.Grasshopper.OCCT,Grasshopper/SAM.Geometry.Grasshopper.OCCT/Component/SAMOCCTCreateShells.cs,89f9c336-e4dc-4908-bb87-b7b10ee84245,component,,False,SAM_OCCT24,SAMOCCTIcon,shell,create,True,,SAM,SAM,rule,,shell_plural_create,SAM_GH_ShellPluralCreate,svg/shell_plural_create.svg,integrated
SAMOCCTCreateShellsFromVerticalFace3Ds,SAMOCCT.CreateShellsFromVerticalFace3Ds,SAMOCCT.CreateShellsFromVerticalFace3Ds,SAM,OCCT,SAM.Geometry.Grasshopper.OCCT,Grasshopper/SAM.Geometry.Grasshopper.OCCT,Grasshopper/SAM.Geometry.Grasshopper.OCCT/Component/SAMOCCTCreateShellsFromVerticalFace3Ds.cs,b772f03a-b4ff-42e3-ab7c-4acd08162de2,component,,False,SAM_OCCT24,SAMOCCTIcon,shell,create,True,,SAM,SAM,rule,,shell_plural_create,SAM_GH_ShellPluralCreate,svg/shell_plural_create.svg,integrated
SAMOCCTExtrudeFootprints,SAMOCCT.ExtrudeFootprints,SAMOCCT.ExtrudeFootprints,SAM,OCCT,SAM.Geometry.Grasshopper.OCCT,Grasshopper/SAM.Geometry.Grasshopper.OCCT,Grasshopper/SAM.Geometry.Grasshopper.OCCT/Component/SAMOCCTExtrudeFootprints.cs,23ea0b4e-cea3-4757-9c05-8d21ce44e0b2,component,,False,SAM_OCCT24,SAMOCCTIcon,shell,create,True,,SAM,SAM,override,,shell_plural_create,SAM_GH_ShellPluralCreate,svg/shell_plural_create.svg,integrated
SAMOCCTShellsDifference,SAMOCCT.ShellsDifference,SAMOCCT.ShellsDifference,SAM,OCCT,SAM.Geometry.Grasshopper.OCCT,Grasshopper/SAM.Geometry.Grasshopper.OCCT,Grasshopper/SAM.Geometry.Grasshopper.OCCT/Component/SAMOCCTShellsDifference.cs,125b60c6-bd45-4743-9a17-20606427dc2e,component,,False,SAM_OCCT24,SAMOCCTIcon,shell,difference,False,,SAM,SAM,override,,shell_difference,SAM_GH_ShellDifference,svg/shell_difference.svg,integrated
SAMOCCTExportIges,SAMOCCT.ExportIGES,SAMOCCT.ExportIGES,SAM,OCCT,SAM.Geometry.Grasshopper.OCCT,Grasshopper/SAM.Geometry.Grasshopper.OCCT,Grasshopper/SAM.Geometry.Grasshopper.OCCT/Component/SAMOCCTExportIges.cs,7aae417f-ae36-47e5-a5c4-b5ebdaa7d885,component,,False,SAM_OCCT24,SAMOCCTIcon,shell,export,True,,SAM,SAM,override,,shell_plural_export,SAM_GH_ShellPluralExport,svg/shell_plural_export.svg,integrated
SAMOCCTExportStep,SAMOCCT.ExportSTEP,SAMOCCT.ExportSTEP,SAM,OCCT,SAM.Geometry.Grasshopper.OCCT,Grasshopper/SAM.Geometry.Grasshopper.OCCT,Grasshopper/SAM.Geometry.Grasshopper.OCCT/Component/SAMOCCTExportStep.cs,06b9f970-65db-4884-a936-4ea119411c3e,component,,False,SAM_OCCT24,SAMOCCTIcon,shell,export,True,,SAM,SAM,override,,shell_plural_export,SAM_GH_ShellPluralExport,svg/shell_plural_export.svg,integrated
SAMOCCTImportIges,SAMOCCT.ImportIGES,SAMOCCT.ImportIGES,SAM,OCCT,SAM.Geometry.Grasshopper.OCCT,Grasshopper/SAM.Geometry.Grasshopper.OCCT,Grasshopper/SAM.Geometry.Grasshopper.OCCT/Component/SAMOCCTImportIges.cs,ca490387-af35-42f8-ab58-eeed11c4d30d,component,,False,SAM_OCCT24,SAMOCCTIcon,shell,import,True,,SAM,SAM,override,,shell_plural_import,SAM_GH_ShellPluralImport,svg/shell_plural_import.svg,integrated
SAMOCCTImportStep,SAMOCCT.ImportSTEP,SAMOCCT.ImportSTEP,SAM,OCCT,SAM.Geometry.Grasshopper.OCCT,Grasshopper/SAM.Geometry.Grasshopper.OCCT,Grasshopper/SAM.Geometry.Grasshopper.OCCT/Component/SAMOCCTImportStep.cs,2cda42f9-a65b-4ac2-aa22-7b13169c12c4,component,,False,SAM_OCCT24,SAMOCCTIcon,shell,import,True,,SAM,SAM,override,,shell_plural_import,SAM_GH_ShellPluralImport,svg/shell_plural_import.svg,integrated
SAMOCCTShellsIntersection,SAMOCCT.ShellsIntersection,SAMOCCT.ShellsIntersection,SAM,OCCT,SAM.Geometry.Grasshopper.OCCT,Grasshopper/SAM.Geometry.Grasshopper.OCCT,Grasshopper/SAM.Geometry.Grasshopper.OCCT/Component/SAMOCCTShellsIntersection.cs,1f28267c-08e7-4aa1-af07-bdd7a6afc5c0,component,,False,SAM_OCCT24,SAMOCCTIcon,shell,intersect,False,,SAM,SAM,override,,shell_intersect,SAM_GH_ShellIntersect,svg/shell_intersect.svg,integrated
SAMOCCTMergeCoplanarShells,SAMOCCT.MergeCoplanarShells,SAMOCCT.MergeCoplanarShells,SAM,OCCT,SAM.Geometry.Grasshopper.OCCT,Grasshopper/SAM.Geometry.Grasshopper.OCCT,Grasshopper/SAM.Geometry.Grasshopper.OCCT/Component/SAMOCCTMergeCoplanarShells.cs,b7f2d8e3-1a9c-4d52-8e30-6c4f3a1b8d45,component,,False,SAM_OCCT24,SAMOCCTIcon,shell,merge,True,,SAM,SAM,rule,,shell_plural_merge,SAM_GH_ShellPluralMerge,svg/shell_plural_merge.svg,integrated
SAMOCCTMergeSmallShells,SAMOCCT.MergeSmallShells,SAMOCCT.MergeSmallShells,SAM,OCCT,SAM.Geometry.Grasshopper.OCCT,Grasshopper/SAM.Geometry.Grasshopper.OCCT,Grasshopper/SAM.Geometry.Grasshopper.OCCT/Component/SAMOCCTMergeSmallShells.cs,6c1a7e3d-2f4b-4a9c-bd8e-1f0a2b3c4d5e,component,,False,SAM_OCCT24,SAMOCCTIcon,shell,merge,True,,SAM,SAM,rule,,shell_plural_merge,SAM_GH_ShellPluralMerge,svg/shell_plural_merge.svg,integrated
SAMOCCTSew,SAMOCCT.Sew,SAMOCCT.Sew,SAM,OCCT,SAM.Geometry.Grasshopper.OCCT,Grasshopper/SAM.Geometry.Grasshopper.OCCT,Grasshopper/SAM.Geometry.Grasshopper.OCCT/Component/SAMOCCTSew.cs,8d2f6b41-5c0a-4e93-9a17-2b6e7d4c1f80,component,,False,SAM_OCCT24,SAMOCCTIcon,shell,merge,False,,SAM,SAM,override,,shell_merge,SAM_GH_ShellMerge,svg/shell_merge.svg,integrated
SAMOCCTShellsThicken,SAMOCCT.ShellsThicken,SAMOCCT.ShellsThicken,SAM,OCCT,SAM.Geometry.Grasshopper.OCCT,Grasshopper/SAM.Geometry.Grasshopper.OCCT,Grasshopper/SAM.Geometry.Grasshopper.OCCT/Component/SAMOCCTShellsThicken.cs,282a6f4a-4cf5-420e-b5e7-d152c6fa577b,component,,False,SAM_OCCT24,SAMOCCTIcon,shell,modify,False,,SAM,SAM,override,hollow into a wall of given thickness,shell_modify,SAM_GH_ShellModify,svg/shell_modify.svg,integrated
SAMOCCTShellsOffset,SAMOCCT.ShellsOffset,SAMOCCT.ShellsOffset,SAM,OCCT,SAM.Geometry.Grasshopper.OCCT,Grasshopper/SAM.Geometry.Grasshopper.OCCT,Grasshopper/SAM.Geometry.Grasshopper.OCCT/Component/SAMOCCTShellsOffset.cs,8d799328-6f0c-4386-983d-53a44595e13a,component,,False,SAM_OCCT24,SAMOCCTIcon,shell,offset,False,,SAM,SAM,override,,shell_offset,SAM_GH_ShellOffset,svg/shell_offset.svg,integrated
SAMOCCTShellsSplit,SAMOCCT.ShellsSplit,SAMOCCT.ShellsSplit,SAM,OCCT,SAM.Geometry.Grasshopper.OCCT,Grasshopper/SAM.Geometry.Grasshopper.OCCT,Grasshopper/SAM.Geometry.Grasshopper.OCCT/Component/SAMOCCTShellsSplit.cs,fb08a424-65d4-4b4e-8f8a-7af2d13de524,component,,False,SAM_OCCT24,SAMOCCTIcon,shell,split,False,,SAM,SAM,override,,shell_split,SAM_GH_ShellSplit,svg/shell_split.svg,integrated
SAMOCCTShellsUnion,SAMOCCT.ShellsUnion,SAMOCCT.ShellsUnion,SAM,OCCT,SAM.Geometry.Grasshopper.OCCT,Grasshopper/SAM.Geometry.Grasshopper.OCCT,Grasshopper/SAM.Geometry.Grasshopper.OCCT/Component/SAMOCCTShellsUnion.cs,2b394f7f-697a-4b5a-b364-9db7f647545d,component,,False,SAM_OCCT24,SAMOCCTIcon,shell,union,True,,SAM,SAM,override,,shell_plural_union,SAM_GH_ShellPluralUnion,svg/shell_plural_union.svg,integrated
SAMOCCTShellsRepair,SAMOCCT.ShellsRepair,SAMOCCT.ShellsRepair,SAM,OCCT,SAM.Geometry.Grasshopper.OCCT,Grasshopper/SAM.Geometry.Grasshopper.OCCT,Grasshopper/SAM.Geometry.Grasshopper.OCCT/Component/SAMOCCTShellsRepair.cs,6bc5378d-8759-43ae-93f7-e89c652fbf91,component,,False,SAM_OCCT24,SAMOCCTIcon,shell,update,False,,SAM,SAM,override,rebuild/repair,shell_update,SAM_GH_ShellUpdate,svg/shell_update.svg,integrated
